month,CPI_VALUE,CPI_SERIES,CPI_GROWTH_RATE
1961-01-01,21.071,All Items,
1961-02-01,21.094,All Items,
1961-03-01,21.112,All Items,
1961-04-01,20.77,All Items,
1961-05-01,20.655,All Items,
1961-06-01,20.801,All Items,
1961-07-01,20.847,All Items,
1961-08-01,21.054,All Items,
1961-09-01,20.948,All Items,
1961-10-01,21.007,All Items,
1961-11-01,21.057,All Items,
1961-12-01,21.024,All Items,
1962-01-01,21.157,All Items,0.004081438944520732
1962-02-01,21.277,All Items,0.008675452735374956
1962-03-01,20.972,All Items,-0.006631299734747853
1962-04-01,20.868,All Items,0.004718343765045763
1962-05-01,20.884,All Items,0.011086903897361333
1962-06-01,20.98,All Items,0.008605355511754231
1962-07-01,21.029,All Items,0.008730272940950634
1962-08-01,20.966,All Items,-0.004179728317659226
1962-09-01,21.056,All Items,0.005155623448539259
1962-10-01,21.009,All Items,9.520635978477188e-05
1962-11-01,21.145,All Items,0.0041791328299378705
1962-12-01,21.205,All Items,0.008609208523592038
1963-01-01,21.613,All Items,0.021553150257597853
1963-02-01,21.771,All Items,0.023217558866381438
1963-03-01,21.361,All Items,0.01854854091169167
1963-04-01,21.148,All Items,0.013417672992141139
1963-05-01,21.255,All Items,0.017764796016088713
1963-06-01,21.321,All Items,0.016253574833174467
1963-07-01,21.263,All Items,0.011127490608207724
1963-08-01,21.315,All Items,0.016645998282934338
1963-09-01,21.409,All Items,0.01676481762917925
1963-10-01,21.917,All Items,0.04321957256413933
1963-11-01,21.757,All Items,0.028943012532513634
1963-12-01,21.798,All Items,0.027965102570148614
1964-01-01,21.93,All Items,0.014667098505529053
1964-02-01,22.012,All Items,0.011069771714666388
1964-03-01,21.933,All Items,0.026777772576190184
1964-04-01,21.639,All Items,0.02321732551541511
1964-05-01,21.648,All Items,0.01848976711362038
1964-06-01,21.583,All Items,0.012288354204774476
1964-07-01,21.685,All Items,0.019846682029816876
1964-08-01,22.044,All Items,0.034201266713582035
1964-09-01,21.985,All Items,0.026904572843196917
1964-10-01,21.844,All Items,-0.003330747821325919
1964-11-01,21.831,All Items,0.0034012042101392304
1964-12-01,22.046,All Items,0.011377190567942064
1965-01-01,22.099,All Items,0.00770633834929324
1965-02-01,22.03,All Items,0.0008177357804834973
1965-03-01,21.887,All Items,-0.0020972963114940235
1965-04-01,21.567,All Items,-0.0033273256619991143
1965-05-01,21.737,All Items,0.004111234294161159
1965-06-01,21.815,All Items,0.010749200759857525
1965-07-01,21.681,All Items,-0.00018445930366606245
1965-08-01,21.814,All Items,-0.01043367809834883
1965-09-01,21.884,All Items,-0.004594041391858039
1965-10-01,21.943,All Items,0.004532136971250766
1965-11-01,22.098,All Items,0.012230314690119481
1965-12-01,22.263,All Items,0.009843055429556546
1966-01-01,22.534,All Items,0.019684148604009133
1966-02-01,22.326,All Items,0.013436223331820152
1966-03-01,22.148,All Items,0.011924886919175703
1966-04-01,22.232,All Items,0.03083414475819546
1966-05-01,22.187,All Items,0.020702028798822436
1966-06-01,22.245,All Items,0.019711207884483217
1966-07-01,22.331,All Items,0.029980166966468325
1966-08-01,22.486,All Items,0.030805904465022405
1966-09-01,22.352,All Items,0.021385487113873225
1966-10-01,22.224,All Items,0.01280590621154798
1966-11-01,22.471,All Items,0.016879355597791745
1966-12-01,22.609,All Items,0.015541481381664557
1967-01-01,22.92,All Items,0.017129670719801204
1967-02-01,22.931,All Items,0.027098450237391436
1967-03-01,22.807,All Items,0.02975437962795735
1967-04-01,22.448,All Items,0.009715725080964521
1967-05-01,22.653,All Items,0.02100329021499059
1967-06-01,22.913,All Items,0.03002922004944919
1967-07-01,23.226,All Items,0.040078814204469015
1967-08-01,23.13,All Items,0.02864004269323117
1967-09-01,23.317,All Items,0.04317287043664986
1967-10-01,23.226,All Items,0.04508639308855278
1967-11-01,23.449,All Items,0.04352276267188837
1967-12-01,23.659,All Items,0.046441682515812266
1968-01-01,23.681,All Items,0.03320244328097721
1968-02-01,23.412,All Items,0.02097597139243801
1968-03-01,23.327,All Items,0.02280001753847527
1968-04-01,23.281,All Items,0.03710798289379902
1968-05-01,23.024,All Items,0.016377521741049783
1968-06-01,23.022,All Items,0.004757124776327837
1968-07-01,23.138,All Items,-0.0037888573150778315
1968-08-01,23.324,All Items,0.008387375702550992
1968-09-01,23.188,All Items,-0.005532444139469073
1968-10-01,23.152,All Items,-0.003186084560406366
1968-11-01,23.101,All Items,-0.014840718154292443
1968-12-01,23.031,All Items,-0.026543809966608878
1969-01-01,23.062,All Items,-0.0261390988556226
1969-02-01,23.029,All Items,-0.016359132069024396
1969-03-01,23.159,All Items,-0.0072019548163073654
1969-04-01,23.083,All Items,-0.008504789313173888
1969-05-01,23.309,All Items,0.012378387769284238
1969-06-01,23.191,All Items,0.007340804447919513
1969-07-01,23.112,All Items,-0.0011236926268477498
1969-08-01,23.195,All Items,-0.005530783742068279
1969-09-01,23.232,All Items,0.00189753320683117
1969-10-01,23.061,All Items,-0.003930545957152809
1969-11-01,23.297,All Items,0.008484481191290527
1969-12-01,23.619,All Items,0.025530806304546072
1970-01-01,23.287,All Items,0.009756309079871572
1970-02-01,23.386,All Items,0.015502192887229205
1970-03-01,23.102,All Items,-0.002461246167796527
1970-04-01,23.14,All Items,0.002469349737902471
1970-05-01,23.155,All Items,-0.006606890042472835
1970-06-01,23.12,All Items,-0.0030615324910524544
1970-07-01,23.349,All Items,0.01025441329179655
1970-08-01,23.33,All Items,0.005820219874973054
1970-09-01,23.291,All Items,0.0025396005509641384
1970-10-01,23.316,All Items,0.011057629764537502
1970-11-01,23.263,All Items,-0.0014594153753701988
1970-12-01,23.42,All Items,-0.008425420212540669
1971-01-01,24.111,All Items,0.035384549319362746
1971-02-01,23.686,All Items,0.012828187804669433
1971-03-01,23.575,All Items,0.020474417799324796
1971-04-01,23.293,All Items,0.006611927398444184
1971-05-01,23.541,All Items,0.01667026560138196
1971-06-01,23.608,All Items,0.02110726643598615
1971-07-01,23.729,All Items,0.016274786928776264
1971-08-01,23.615,All Items,0.012216030861551763
1971-09-01,23.796,All Items,0.021682194839208302
1971-10-01,23.654,All Items,0.014496483101732682
1971-11-01,23.787,All Items,0.02252503976271325
1971-12-01,24.003,All Items,0.024893253629376444
1972-01-01,24.035,All Items,-0.0031520882584712417
1972-02-01,24.026,All Items,0.014354470995524782
1972-03-01,23.981,All Items,0.017221633085896082
1972-04-01,23.704,All Items,0.017644785987206424
1972-05-01,23.798,All Items,0.01091712331676642
1972-06-01,23.881,All Items,0.01156387665198233
1972-07-01,24.025,All Items,0.012474187702810946
1972-08-01,24.237,All Items,0.02633919119203898
1972-09-01,24.409,All Items,0.025760632038998033
1972-10-01,24.372,All Items,0.0303542741185423
1972-11-01,24.61,All Items,0.034598730398957445
1972-12-01,25.412,All Items,0.058700995708869774
1973-01-01,25.338,All Items,0.05421260661535254
1973-02-01,26.214,All Items,0.09106800965620576
1973-03-01,26.316,All Items,0.09736875026062286
1973-04-01,26.486,All Items,0.11736415794802557
1973-05-01,27.663,All Items,0.16240860576519034
1973-06-01,28.59,All Items,0.19718604748544877
1973-07-01,29.95,All Items,0.24661810613943813
1973-08-01,30.29,All Items,0.2497421298015432
1973-09-01,30.296,All Items,0.24118153140235155
1973-10-01,31.328,All Items,0.28540948629574925
1973-11-01,32.677,All Items,0.3277935798455913
1973-12-01,32.33,All Items,0.2722335904297182
1974-01-01,33.738,All Items,0.331517878285579
1974-02-01,34.728,All Items,0.3247882810711835
1974-03-01,35.333,All Items,0.3426432588539292
1974-04-01,34.94,All Items,0.31918749528052537
1974-05-01,34.964,All Items,0.26392654448179864
1974-06-01,35.098,All Items,0.22763203917453656
1974-07-01,35.372,All Items,0.18103505843071788
1974-08-01,35.612,All Items,0.1757015516672169
1974-09-01,35.992,All Items,0.1880116186955374
1974-10-01,36.326,All Items,0.15953779366700727
1974-11-01,36.407,All Items,0.11414756556599426
1974-12-01,36.683,All Items,0.13464274667491494
1975-01-01,36.846,All Items,0.09212164325093353
1975-02-01,36.919,All Items,0.06309030177378472
1975-03-01,36.215,All Items,0.024962499646223213
1975-04-01,35.968,All Items,0.029421866056096313
1975-05-01,36.11,All Items,0.032776570186477505
1975-06-01,36.213,All Items,0.03176819191976765
1975-07-01,36.31,All Items,0.02651814994911228
1975-08-01,36.461,All Items,0.023840278557789363
1975-09-01,36.472,All Items,0.013336296954878923
1975-10-01,36.114,All Items,-0.005836040301712364
1975-11-01,36.187,All Items,-0.00604279396819285
1975-12-01,36.339,All Items,-0.00937764086906745
1976-01-01,36.327,All Items,-0.014085653802312303
1976-02-01,36.32,All Items,-0.016224708144857547
1976-03-01,35.856,All Items,-0.009913019467071682
1976-04-01,35.508,All Items,-0.012789145907473376
1976-05-01,35.651,All Items,-0.012711160343395034
1976-06-01,35.468,All Items,-0.020572722502968488
1976-07-01,35.442,All Items,-0.023905260258881955
1976-08-01,35.395,All Items,-0.029236718685718865
1976-09-01,35.331,All Items,-0.031284272866856755
1976-10-01,35.295,All Items,-0.022678185745140245
1976-11-01,35.504,All Items,-0.018874181335838847
1976-12-01,35.785,All Items,-0.015245328710201234
1977-01-01,36.258,All Items,-0.0018994136592616062
1977-02-01,36.501,All Items,0.004983480176211419
1977-03-01,36.255,All Items,0.011127844712182089
1977-04-01,35.952,All Items,0.012504224400134989
1977-05-01,36.239,All Items,0.016493225996465632
1977-06-01,36.37,All Items,0.02543137476034718
1977-07-01,36.739,All Items,0.036595000282151124
1977-08-01,37.29,All Items,0.053538635400480095
1977-09-01,37.532,All Items,0.0622965667544082
1977-10-01,37.002,All Items,0.048363790905227466
1977-11-01,37.311,All Items,0.05089567372690418
1977-12-01,38.071,All Items,0.06388151460108982
1978-01-01,37.844,All Items,0.04374207071542835
1978-02-01,38.102,All Items,0.0438618120051506
1978-03-01,37.594,All Items,0.036932836850089634
1978-04-01,37.818,All Items,0.05190253671562073
1978-05-01,37.948,All Items,0.04715913794530757
1978-06-01,38.036,All Items,0.04580698377783898
1978-07-01,38.493,All Items,0.047742181333188194
1978-08-01,38.673,All Items,0.03708769106999199
1978-09-01,38.738,All Items,0.03213258019823084
1978-10-01,38.598,All Items,0.04313280363223604
1978-11-01,38.826,All Items,0.04060464742301195
1978-12-01,38.796,All Items,0.01904336634183501
1979-01-01,38.822,All Items,0.02584293415072403
1979-02-01,38.701,All Items,0.015720959529683665
1979-03-01,38.578,All Items,0.026174389530244202
1979-04-01,38.753,All Items,0.024723676556137386
1979-05-01,39.034,All Items,0.028618108991251168
1979-06-01,39.137,All Items,0.028946261436533893
1979-07-01,39.624,All Items,0.029381965552178313
1979-08-01,40.327,All Items,0.04276885682517517
1979-09-01,40.963,All Items,0.05743714182456516
1979-10-01,40.972,All Items,0.06150577750142494
1979-11-01,41.324,All Items,0.0643383299850615
1979-12-01,41.633,All Items,0.07312609547376026
1980-01-01,41.68,All Items,0.07361805162021517
1980-02-01,42.335,All Items,0.09389938244489815
1980-03-01,42.787,All Items,0.1091036341956555
1980-04-01,42.971,All Items,0.10884318633396117
1980-05-01,42.948,All Items,0.10027155812881072
1980-06-01,43.062,All Items,0.10028872933541133
1980-07-01,43.437,All Items,0.09622955784373088
1980-08-01,43.767,All Items,0.0853026508294692
1980-09-01,43.659,All Items,0.0658154920293923
1980-10-01,43.806,All Items,0.06916918871424382
1980-11-01,44.093,All Items,0.06700706611170282
1980-12-01,44.132,All Items,0.06002449979583502
1981-01-01,44.264,All Items,0.06199616122840701
1981-02-01,44.793,All Items,0.05806070627140669
1981-03-01,44.894,All Items,0.04924392923084109
1981-04-01,45.802,All Items,0.06588164110679307
1981-05-01,46.39,All Items,0.08014342926329521
1981-06-01,46.702,All Items,0.084529283358878
1981-07-01,47.404,All Items,0.09132766995879105
1981-08-01,48.03,All Items,0.09740215230653226
1981-09-01,47.944,All Items,0.09814700290890777
1981-10-01,47.96,All Items,0.09482719262201544
1981-11-01,48.28,All Items,0.0949583834168688
1981-12-01,48.698,All Items,0.10346234025197143
1982-01-01,49.177,All Items,0.11099313211639239
1982-02-01,48.8,All Items,0.08945594177661675
1982-03-01,48.28,All Items,0.0754221054038402
1982-04-01,48.298,All Items,0.054495436880485526
1982-05-01,48.327,All Items,0.04175468851045472
1982-06-01,48.455,All Items,0.0375358657016831
1982-07-01,48.326,All Items,0.01944983545692347
1982-08-01,48.527,All Items,0.010347699354570139
1982-09-01,48.606,All Items,0.01380777573836145
1982-10-01,48.475,All Items,0.010738115095913381
1982-11-01,48.774,All Items,0.010231980115990025
1982-12-01,49.1,All Items,0.00825495913589891
1983-01-01,48.945,All Items,-0.004717652561156638
1983-02-01,49.044,All Items,0.004999999999999893
1983-03-01,48.991,All Items,0.014726594863297304
1983-04-01,48.926,All Items,0.013002608803677207
1983-05-01,49.098,All Items,0.015953814637780228
1983-06-01,48.784,All Items,0.006789804973686975
1983-07-01,48.966,All Items,0.013243388652071308
1983-08-01,49.001,All Items,0.00976775815525377
1983-09-01,49.18,All Items,0.011809241657408487
1983-10-01,49.075,All Items,0.012377514182568383
1983-11-01,49.526,All Items,0.015418050600729982
1983-12-01,49.661,All Items,0.011425661914460372
1984-01-01,50.163,All Items,0.024885075084278174
1984-02-01,50.825,All Items,0.03631432998939732
1984-03-01,50.323,All Items,0.027188667306240033
1984-04-01,50.327,All Items,0.028635081551731112
1984-05-01,50.288,All Items,0.02423723980610193
1984-06-01,50.427,All Items,0.03367907510659229
1984-07-01,50.569,All Items,0.03273700118449541
1984-08-01,50.689,All Items,0.03444827656578453
1984-09-01,50.35,All Items,0.023790158601057376
1984-10-01,50.325,All Items,0.025471217524197565
1984-11-01,50.136,All Items,0.012316762912409684
1984-12-01,50.114,All Items,0.009121846116670884
1985-01-01,50.339,All Items,0.0035085620875945356
1985-02-01,50.589,All Items,-0.004643384161338027
1985-03-01,50.721,All Items,0.007908908451403907
1985-04-01,50.623,All Items,0.005881534762652185
1985-05-01,50.613,All Items,0.006462774419344619
1985-06-01,50.741,All Items,0.0062268229321593704
1985-07-01,50.908,All Items,0.006703711760169151
1985-08-01,50.967,All Items,0.005484424628617646
1985-09-01,50.565,All Items,0.004270109235352537
1985-10-01,50.555,All Items,0.0045702930948832154
1985-11-01,50.426,All Items,0.005784266794319537
1985-12-01,50.459,All Items,0.0068843037873649315
1986-01-01,50.435,All Items,0.001907070064959715
1986-02-01,50.302,All Items,-0.005673170056731736
1986-03-01,50.156,All Items,-0.01113937028055434
1986-04-01,49.903,All Items,-0.014222784109989561
1986-05-01,49.865,All Items,-0.014778811767727662
1986-06-01,49.791,All Items,-0.018722532074653686
1986-07-01,49.712,All Items,-0.023493360572012234
1986-08-01,49.691,All Items,-0.025035807483273387
1986-09-01,49.894,All Items,-0.013270048452486916
1986-10-01,49.88,All Items,-0.013351795074671102
1986-11-01,49.725,All Items,-0.013901558719708107
1986-12-01,49.763,All Items,-0.01379337680096726
1987-01-01,50.082,All Items,-0.006999107762466594
1987-02-01,49.768,All Items,-0.010615880084290819
1987-03-01,49.762,All Items,-0.007855490868490245
1987-04-01,49.939,All Items,0.000721399515059229
1987-05-01,50.073,All Items,0.004171262408502852
1987-06-01,50.103,All Items,0.006266192685425276
1987-07-01,50.308,All Items,0.011989056968136458
1987-08-01,50.37,All Items,0.01366444627799801
1987-09-01,50.342,All Items,0.00897903555537738
1987-10-01,50.328,All Items,0.008981555733761137
1987-11-01,50.414,All Items,0.013856209150326704
1987-12-01,50.522,All Items,0.015252295882483002
1988-01-01,50.45,All Items,0.007347949363044615
1988-02-01,50.838,All Items,0.02149975888120892
1988-03-01,50.707,All Items,0.018990394276757305
1988-04-01,50.722,All Items,0.015679128536814968
1988-05-01,50.883,All Items,0.016176382481577045
1988-06-01,50.827,All Items,0.014450232521006745
1988-07-01,51.123,All Items,0.016200206726564303
1988-08-01,51.103,All Items,0.01455231288465364
1988-09-01,51.15,All Items,0.016050216519009952
1988-10-01,51.038,All Items,0.014107455094579446
1988-11-01,51.107,All Items,0.013746181616217656
1988-12-01,51.233,All Items,0.014073077075333451
1989-01-01,51.212,All Items,0.015104063429137726
1989-02-01,51.347,All Items,0.01001219560171518
1989-03-01,51.296,All Items,0.011615753249058391
1989-04-01,51.591,All Items,0.017132605181183758
1989-05-01,51.956,All Items,0.021087593105752367
1989-06-01,52.192,All Items,0.02685580498553919
1989-07-01,52.341,All Items,0.02382489290534595
1989-08-01,52.405,All Items,0.025477956284366776
1989-09-01,52.401,All Items,0.024457478005865285
1989-10-01,52.666,All Items,0.03189780163799516
1989-11-01,52.866,All Items,0.0344179857945095
1989-12-01,52.93,All Items,0.033123182323892886
1990-01-01,53.231,All Items,0.03942435366710928
1990-02-01,53.335,All Items,0.038716964963873224
1990-03-01,53.18,All Items,0.036728009981285004
1990-04-01,53.478,All Items,0.03657614700238421
1990-05-01,53.616,All Items,0.031950111632920164
1990-06-01,53.69,All Items,0.028701716738197325
1990-07-01,53.715,All Items,0.02625093139221657
1990-08-01,53.906,All Items,0.02864230512355692
1990-09-01,54.274,All Items,0.03574359267952887
1990-10-01,54.705,All Items,0.038715679945315884
1990-11-01,54.691,All Items,0.034521242386410966
1990-12-01,54.951,All Items,0.03818250519554134
1991-01-01,55.008,All Items,0.0333828032537431
1991-02-01,55.459,All Items,0.03982375550764039
1991-03-01,55.192,All Items,0.037833772094772566
1991-04-01,55.478,All Items,0.03739855641572243
1991-05-01,55.658,All Items,0.03808564607579834
1991-06-01,55.788,All Items,0.039076178059228805
1991-07-01,55.862,All Items,0.039970213162058954
1991-08-01,56.0,All Items,0.03884539754387273
1991-09-01,55.969,All Items,0.031230423407156316
1991-10-01,55.993,All Items,0.02354446577095337
1991-11-01,56.083,All Items,0.02545208535225174
1991-12-01,56.531,All Items,0.0287528889374169
1992-01-01,56.531,All Items,0.027686881908085992
1992-02-01,56.454,All Items,0.01794118177392301
1992-03-01,56.355,All Items,0.021071894477460384
1992-04-01,56.708,All Items,0.022170950647103282
1992-05-01,57.002,All Items,0.024147472061518682
1992-06-01,57.009,All Items,0.021886427188642754
1992-07-01,57.254,All Items,0.02491854928215953
1992-08-01,57.153,All Items,0.020589285714285754
1992-09-01,57.192,All Items,0.021851382015044107
1992-10-01,57.334,All Items,0.023949422249209817
1992-11-01,57.496,All Items,0.02519480056345058
1992-12-01,57.543,All Items,0.017901682262829288
1993-01-01,57.984,All Items,0.025702711786453447
1993-02-01,57.713,All Items,0.02230134268608075
1993-03-01,57.854,All Items,0.026599236979859775
1993-04-01,58.023,All Items,0.023188968046836456
1993-05-01,58.184,All Items,0.02073611452229729
1993-06-01,58.203,All Items,0.020944061463979313
1993-07-01,58.481,All Items,0.021430817060816842
1993-08-01,58.389,All Items,0.021626161356359308
1993-09-01,58.42,All Items,0.021471534480346888
1993-10-01,58.627,All Items,0.02255206334810067
1993-11-01,58.811,All Items,0.02287115625434799
1993-12-01,59.013,All Items,0.02554611334132728
1994-01-01,59.311,All Items,0.022885623620308992
1994-02-01,59.504,All Items,0.031032869544123542
1994-03-01,59.206,All Items,0.02336917067099953
1994-04-01,59.651,All Items,0.028057839132757723
1994-05-01,59.953,All Items,0.030403547366973926
1994-06-01,60.239,All Items,0.0349810147243268
1994-07-01,60.354,All Items,0.032027496109847675
1994-08-01,60.432,All Items,0.03498946719416329
1994-09-01,60.455,All Items,0.03483396097226965
1994-10-01,60.662,All Items,0.034710969348593634
1994-11-01,60.885,All Items,0.03526551155396107
1994-12-01,60.71,All Items,0.028756375713825832
1995-01-01,60.841,All Items,0.02579622666958903
1995-02-01,60.904,All Items,0.023527830061844668
1995-03-01,60.717,All Items,0.025521062054521426
1995-04-01,61.01,All Items,0.022782518314864664
1995-05-01,61.245,All Items,0.021550214334562057
1995-06-01,61.335,All Items,0.018194193130696146
1995-07-01,61.239,All Items,0.014663485435927992
1995-08-01,61.256,All Items,0.013635160180037076
1995-09-01,61.259,All Items,0.01329914812670574
1995-10-01,61.326,All Items,0.010945896937126998
1995-11-01,61.45,All Items,0.009279789767594693
1995-12-01,61.221,All Items,0.008417064733981183
1996-01-01,61.389,All Items,0.009007084038723967
1996-02-01,61.893,All Items,0.016238670694864066
1996-03-01,61.621,All Items,0.014888746150172105
1996-04-01,61.689,All Items,0.011129323061793261
1996-05-01,61.984,All Items,0.012066291125806261
1996-06-01,62.046,All Items,0.011592076302274323
1996-07-01,62.048,All Items,0.013210535769689224
1996-08-01,62.135,All Items,0.014349614731617999
1996-09-01,62.164,All Items,0.014773339427675891
1996-10-01,62.181,All Items,0.013941884355738177
1996-11-01,62.33,All Items,0.014320585842148015
1996-12-01,62.444,All Items,0.01997680534457147
1997-01-01,62.577,All Items,0.01935200117284852
1997-02-01,62.897,All Items,0.016221543631751434
1997-03-01,62.589,All Items,0.015708930397104748
1997-04-01,62.877,All Items,0.019257890385644183
1997-05-01,63.006,All Items,0.01648812596799165
1997-06-01,63.117,All Items,0.01726138671308375
1997-07-01,63.363,All Items,0.021193269726663244
1997-08-01,63.58,All Items,0.023255813953488413
1997-09-01,63.712,All Items,0.024901872466379205
1997-10-01,63.744,All Items,0.025136295653013008
1997-11-01,63.789,All Items,0.023407668859297237
1997-12-01,63.723,All Items,0.020482352187559894
1998-01-01,63.527,All Items,0.015181296642536424
1998-02-01,63.486,All Items,0.009364516590616434
1998-03-01,63.159,All Items,0.009107031587020087
1998-04-01,63.195,All Items,0.005057493201011454
1998-05-01,63.047,All Items,0.0006507316763482152
1998-06-01,62.995,All Items,-0.0019329182312213256
1998-07-01,63.06,All Items,-0.004781970550636783
1998-08-01,62.967,All Items,-0.00964139666561814
1998-09-01,62.907,All Items,-0.012634982420894114
1998-10-01,62.808,All Items,-0.014683734939759052
1998-11-01,62.952,All Items,-0.013121384564736882
1998-12-01,62.813,All Items,-0.014280558040267954
1999-01-01,62.944,All Items,-0.009177200245564898
1999-02-01,63.022,All Items,-0.007308697980657142
1999-03-01,62.831,All Items,-0.005193242451590363
1999-04-01,62.994,All Items,-0.003180631379064769
1999-05-01,63.138,All Items,0.001443367646358995
1999-06-01,63.075,All Items,0.0012699420588937471
1999-07-01,63.163,All Items,0.001633365049159341
1999-08-01,63.202,All Items,0.0037321136468309035
1999-09-01,63.178,All Items,0.004307946651405992
1999-10-01,63.131,All Items,0.005142656986371064
1999-11-01,63.177,All Items,0.003574151734655029
1999-12-01,63.239,All Items,0.006782035565885858
2000-01-01,63.518,All Items,0.009119217081850595
2000-02-01,63.82,All Items,0.012662244930341737
2000-03-01,63.602,All Items,0.01227101271665254
2000-04-01,63.693,All Items,0.01109629488522712
2000-05-01,63.464,All Items,0.005163293103994437
2000-06-01,63.567,All Items,0.007800237812128463
2000-07-01,63.892,All Items,0.011541567056662982
2000-08-01,64.229,All Items,0.01624948577576668
2000-09-01,64.244,All Items,0.016872962107062683
2000-10-01,64.293,All Items,0.018406171294609752
2000-11-01,64.435,All Items,0.019912309859600796
2000-12-01,64.543,All Items,0.02062018690997669
2001-01-01,64.782,All Items,0.01989987090273626
2001-02-01,64.659,All Items,0.013146349106863076
2001-03-01,64.775,All Items,0.01844281626363964
2001-04-01,64.952,All Items,0.01976669335719783
2001-05-01,64.69,All Items,0.019318038573049368
2001-06-01,64.336,All Items,0.012097471958720796
2001-07-01,64.722,All Items,0.012990671758592587
2001-08-01,64.684,All Items,0.007084027464229425
2001-09-01,64.594,All Items,0.005447979577859252
2001-10-01,64.432,All Items,0.0021619771981395974
2001-11-01,64.296,All Items,-0.002157212694963828
2001-12-01,64.163,All Items,-0.005887547836326279
2002-01-01,64.069,All Items,-0.011006143681886904
2002-02-01,64.259,All Items,-0.0061863004376808695
2002-03-01,64.198,All Items,-0.008907757622539703
2002-04-01,64.267,All Items,-0.010546249538120445
2002-05-01,64.467,All Items,-0.0034472097696707227
2002-06-01,64.427,All Items,0.0014144491420045036
2002-07-01,64.448,All Items,-0.0042334909304410084
2002-08-01,64.401,All Items,-0.004375115948302533
2002-09-01,64.321,All Items,-0.004226398736724701
2002-10-01,64.303,All Items,-0.0020021107524211823
2002-11-01,64.446,All Items,0.002332960059723721
2002-12-01,64.443,All Items,0.004363885728535077
2003-01-01,64.629,All Items,0.00874057656588989
2003-02-01,64.511,All Items,0.003921629654989989
2003-03-01,64.69,All Items,0.007663790149225802
2003-04-01,64.822,All Items,0.008635847324443446
2003-05-01,64.411,All Items,-0.0008686614857212893
2003-06-01,64.219,All Items,-0.003228460117652765
2003-07-01,64.62,All Items,0.00266881827209553
2003-08-01,64.696,All Items,0.004580674213133351
2003-09-01,64.764,All Items,0.006887330731798258
2003-10-01,64.719,All Items,0.006469371568978088
2003-11-01,64.807,All Items,0.005601588927163892
2003-12-01,64.924,All Items,0.007463960399112457
2004-01-01,65.065,All Items,0.006746197527425668
2004-02-01,65.814,All Items,0.020198105749406947
2004-03-01,65.33,All Items,0.009893337455557205
2004-04-01,65.77,All Items,0.014624664465767712
2004-05-01,65.928,All Items,0.02355187778485024
2004-06-01,65.413,All Items,0.018592628349865414
2004-07-01,65.938,All Items,0.020396162178891952
2004-08-01,65.853,All Items,0.017883640410535362
2004-09-01,65.988,All Items,0.01889938854919415
2004-10-01,65.964,All Items,0.019237009224493562
2004-11-01,65.945,All Items,0.01755983149968343
2004-12-01,65.775,All Items,0.013107633540755392
2005-01-01,65.32,All Items,0.003919157765311487
2005-02-01,65.801,All Items,-0.00019752636217207353
2005-03-01,65.608,All Items,0.004255319148936287
2005-04-01,66.013,All Items,0.003694693629314516
2005-05-01,65.91,All Items,-0.0002730251183108434
2005-06-01,65.308,All Items,-0.0016051855135827964
2005-07-01,65.992,All Items,0.0008189511359155688
2005-08-01,66.304,All Items,0.006848587004388618
2005-09-01,66.397,All Items,0.0061980966236285795
2005-10-01,66.668,All Items,0.010672488023770743
2005-11-01,66.587,All Items,0.009735385548563347
2005-12-01,66.609,All Items,0.012679589509692057
2006-01-01,66.455,All Items,0.017375995101041042
2006-02-01,66.587,All Items,0.011945107217215645
2006-03-01,66.366,All Items,0.01155346908913546
2006-04-01,66.728,All Items,0.01083119991516801
2006-05-01,66.629,All Items,0.01090881505082697
2006-06-01,66.209,All Items,0.013796165860231469
2006-07-01,66.71,All Items,0.010880106679597379
2006-08-01,66.747,All Items,0.006681346525096554
2006-09-01,66.689,All Items,0.00439778905673438
2006-10-01,66.95,All Items,0.0042299154016918195
2006-11-01,66.95,All Items,0.005451514559899007
2006-12-01,67.15,All Items,0.00812202555210284
2007-01-01,66.072,All Items,-0.005763298472650558
2007-02-01,66.566,All Items,-0.00031537687536609127
2007-03-01,66.523,All Items,0.0023656691679474484
2007-04-01,67.035,All Items,0.004600767294089536
2007-05-01,67.472,All Items,0.012652148463881963
2007-06-01,67.34,All Items,0.01708226978205385
2007-07-01,68.695,All Items,0.029755658821765785
2007-08-01,69.051,All Items,0.03451840532158745
2007-09-01,68.696,All Items,0.030094918202402177
2007-10-01,69.671,All Items,0.040642270351008314
2007-11-01,70.204,All Items,0.0486034353995517
2007-12-01,69.727,All Items,0.038376768428890484
2008-01-01,70.46,All Items,0.06641239859547143
2008-02-01,70.937,All Items,0.06566415287083482
2008-03-01,71.0,All Items,0.06730003156802922
2008-04-01,72.117,All Items,0.07581114343253526
2008-05-01,72.561,All Items,0.0754238795352149
2008-06-01,72.428,All Items,0.0755568755568754
2008-07-01,73.218,All Items,0.06584176432054756
2008-08-01,73.497,All Items,0.06438719207542243
2008-09-01,73.34,All Items,0.06760218935600326
2008-10-01,74.15,All Items,0.06428786726184499
2008-11-01,74.1,All Items,0.05549541336675978
2008-12-01,73.459,All Items,0.05352302551378951
2009-01-01,73.463,All Items,0.042619926199261915
2009-02-01,73.229,All Items,0.03231035989680997
2009-03-01,72.814,All Items,0.025549295774647707
2009-04-01,72.344,All Items,0.003147662825685904
2009-05-01,72.729,All Items,0.002315293339397062
2009-06-01,72.41,All Items,-0.00024852267079034096
2009-07-01,73.029,All Items,-0.0025813324592314224
2009-08-01,73.29,All Items,-0.0028164414874075616
2009-09-01,73.034,All Items,-0.004172347968366519
2009-10-01,73.473,All Items,-0.009130141604855146
2009-11-01,73.514,All Items,-0.007908232118758463
2009-12-01,73.071,All Items,-0.0052818579071319816
2010-01-01,73.616,All Items,0.0020826810775493865
2010-02-01,73.93,All Items,0.009572710265059126
2010-03-01,73.987,All Items,0.016109539374296267
2010-04-01,74.664,All Items,0.03206900364923149
2010-05-01,75.093,All Items,0.032504228024584414
2010-06-01,74.377,All Items,0.027164756249136834
2010-07-01,75.329,All Items,0.031494337865779265
2010-08-01,75.677,All Items,0.03256924546322826
2010-09-01,75.72,All Items,0.03677739135197289
2010-10-01,76.06,All Items,0.035210213275625124
2010-11-01,76.312,All Items,0.0380607775389723
2010-12-01,76.427,All Items,0.04592793310615706
2011-01-01,77.674,All Items,0.055123886111714926
2011-02-01,77.618,All Items,0.049885026376301767
2011-03-01,77.722,All Items,0.050481841404571126
2011-04-01,77.992,All Items,0.044573020465016544
2011-05-01,78.462,All Items,0.04486436818345241
2011-06-01,78.277,All Items,0.05243556475792266
2011-07-01,79.433,All Items,0.05448100996960026
2011-08-01,80.005,All Items,0.057190427738943006
2011-09-01,79.856,All Items,0.05462229265715779
2011-10-01,80.183,All Items,0.05420720483828556
2011-11-01,80.63,All Items,0.05658349931858675
2011-12-01,80.663,All Items,0.055425438653878834
2012-01-01,81.412,All Items,0.04812421144784618
2012-02-01,81.19,All Items,0.046020253034090075
2012-03-01,81.806,All Items,0.05254625459972728
2012-04-01,82.245,All Items,0.05453123397271509
2012-05-01,82.418,All Items,0.05041931125895349
2012-06-01,82.423,All Items,0.05296574983711699
2012-07-01,82.614,All Items,0.040046328352196126
2012-08-01,83.128,All Items,0.03903506030873083
2012-09-01,83.604,All Items,0.046934482067721994
2012-10-01,83.434,All Items,0.04054475387550971
2012-11-01,83.54,All Items,0.03609078506759289
2012-12-01,84.151,All Items,0.04324163495034905
2013-01-01,84.315,All Items,0.0356581339360289
2013-02-01,85.162,All Items,0.04892228106909724
2013-03-01,84.703,All Items,0.03541305038750231
2013-04-01,83.448,All Items,0.014627028998723146
2013-05-01,83.746,All Items,0.016112985027542326
2013-06-01,83.917,All Items,0.01812600851704005
2013-07-01,84.151,All Items,0.01860459486285615
2013-08-01,84.829,All Items,0.02046241940140492
2013-09-01,84.954,All Items,0.0161475527486723
2013-10-01,85.088,All Items,0.019824052544526127
2013-11-01,85.689,All Items,0.025724203974143878
2013-12-01,85.417,All Items,0.015044384499292907
2014-01-01,85.511,All Items,0.014184901856134635
2014-02-01,85.491,All Items,0.0038632253822126206
2014-03-01,85.719,All Items,0.01199485260262323
2014-04-01,85.369,All Items,0.023020324034129125
2014-05-01,85.656,All Items,0.022807059441645183
2014-06-01,85.513,All Items,0.01901879237818327
2014-07-01,85.258,All Items,0.01315492388682249
2014-08-01,85.714,All Items,0.010432752950052526
2014-09-01,85.556,All Items,0.00708618781929049
2014-10-01,85.3,All Items,0.0024915381722452334
2014-11-01,85.46,All Items,-0.002672455040903743
2014-12-01,85.363,All Items,-0.0006321926548579215
2015-01-01,85.179,All Items,-0.0038825414274186176
2015-02-01,85.257,All Items,-0.0027371302242340523
2015-03-01,85.463,All Items,-0.0029865024090341974
2015-04-01,84.93,All Items,-0.005142381895067216
2015-05-01,85.317,All Items,-0.003957691230036531
2015-06-01,85.225,All Items,-0.003367908972904843
2015-07-01,84.921,All Items,-0.003952708250252068
2015-08-01,85.002,All Items,-0.008306694355647903
2015-09-01,85.003,All Items,-0.00646360278647895
2015-10-01,84.637,All Items,-0.0077725674091441155
2015-11-01,84.807,All Items,-0.007641001638193257
2015-12-01,84.814,All Items,-0.006431357848248109
2016-01-01,84.628,All Items,-0.006468730555653446
2016-02-01,84.542,All Items,-0.008386408154169245
2016-03-01,84.577,All Items,-0.010367059429226666
2016-04-01,84.534,All Items,-0.004662663369834008
2016-05-01,83.983,All Items,-0.015635805290856286
2016-06-01,84.607,All Items,-0.007251393370489856
2016-07-01,84.37,All Items,-0.006488383320968905
2016-08-01,84.786,All Items,-0.002541116679607436
2016-09-01,84.794,All Items,-0.002458736750467705
2016-10-01,84.551,All Items,-0.0010161040679608213
2016-11-01,84.822,All Items,0.0001768721921540095
2016-12-01,84.954,All Items,0.0016506708798076364
2017-01-01,85.102,All Items,0.005600983126152093
2017-02-01,85.1,All Items,0.006600269688438853
2017-03-01,85.136,All Items,0.006609361883254339
2017-04-01,84.877,All Items,0.004057538978399
2017-05-01,85.164,All Items,0.014062369765309723
2017-06-01,85.043,All Items,0.005153237911756703
2017-07-01,84.845,All Items,0.00562996325708176
2017-08-01,85.129,All Items,0.004045479206472802
2017-09-01,85.11,All Items,0.0037266787744416607
2017-10-01,84.865,All Items,0.003713734905559818
2017-11-01,85.358,All Items,0.006319115323854652
2017-12-01,85.274,All Items,0.0037667443557691804
2018-01-01,85.11,All Items,9.400484124921782e-05
2018-02-01,85.51,All Items,0.004817861339600604
2018-03-01,85.337,All Items,0.0023609283969179273
2018-04-01,84.937,All Items,0.000706905286473436
2018-05-01,85.466,All Items,0.0035460992907800915
2018-06-01,85.514,All Items,0.0055383747045612
2018-07-01,85.39,All Items,0.006423478107136615
2018-08-01,85.749,All Items,0.007283064525602123
2018-09-01,85.729,All Items,0.007272940900011848
2018-10-01,85.465,All Items,0.007070052436222385
2018-11-01,85.606,All Items,0.0029054101548768863
2018-12-01,85.67,All Items,0.004643853929685582
2019-01-01,85.416,All Items,0.0035953471977441254
2019-02-01,85.901,All Items,0.004572564612326024
2019-03-01,85.917,All Items,0.0067965829593259475
2019-04-01,85.73,All Items,0.009336331634034689
2019-05-01,86.221,All Items,0.008833922261484162
2019-06-01,85.974,All Items,0.005379236148467026
2019-07-01,85.587,All Items,0.0023070617168285956
2019-08-01,86.123,All Items,0.004361566898739344
2019-09-01,86.069,All Items,0.003965985839097685
2019-10-01,85.883,All Items,0.004890891008014986
2019-11-01,86.16,All Items,0.006471509006378051
2019-12-01,86.325,All Items,0.007645616902065999
2020-01-01,86.121,All Items,0.008253722955886555
2020-02-01,86.183,All Items,0.0032828488608980244
2020-03-01,85.888,All Items,-0.00033753506290945534
2020-04-01,85.098,All Items,-0.007371981803336092
2020-05-01,85.502,All Items,-0.008339035733754052
2020-06-01,85.52,All Items,-0.00528066624793555
2020-07-01,85.245,All Items,-0.003995933961933429
2020-08-01,85.787,All Items,-0.0039013968394040477
2020-09-01,86.073,All Items,4.6474340354762944e-05
2020-10-01,85.709,All Items,-0.002026012132785193
2020-11-01,86.047,All Items,-0.0013115134633240322
2020-12-01,86.358,All Items,0.0003822762814944536
2021-01-01,86.334,All Items,0.0024732643606089066
2021-02-01,86.827,All Items,0.0074724713690634825
2021-03-01,87.019,All Items,0.013168312220566358
2021-04-01,86.875,All Items,0.02088180685797547
2021-05-01,87.574,All Items,0.02423335126663706
2021-06-01,87.569,All Items,0.02395930776426569
2021-07-01,87.398,All Items,0.02525661329110207
2021-08-01,87.882,All Items,0.024420949561122285
2021-09-01,88.248,All Items,0.02526924819629861
2021-10-01,88.5,All Items,0.032563674759943595
2021-11-01,89.369,All Items,0.03860680790730653
2021-12-01,89.781,All Items,0.0396373236990204
2022-01-01,89.81,All Items,0.04026223735724055
2022-02-01,90.59,All Items,0.043339053520218496
2022-03-01,91.715,All Items,0.05396522598512976
2022-04-01,91.594,All Items,0.054319424460431476
2022-05-01,92.502,All Items,0.05627240961929347
2022-06-01,93.423,All Items,0.06685014103164355
2022-07-01,93.563,All Items,0.07053937161033441
2022-08-01,94.445,All Items,0.07467968412189063
2022-09-01,94.854,All Items,0.07485722056023936
2022-10-01,94.475,All Items,0.06751412429378534
2022-11-01,95.396,All Items,0.06743949244145053
2022-12-01,95.591,All Items,0.06471302391374545
2023-01-01,95.772,All Items,0.06638458968934424
2023-02-01,96.308,All Items,0.06311954961916322
2023-03-01,96.792,All Items,0.05535626669574212
2023-04-01,96.869,All Items,0.05759110858789884
2023-05-01,97.181,All Items,0.05058269010399785
2023-06-01,97.645,All Items,0.04519229739999786
2023-07-01,97.417,All Items,0.04119149663862842
2023-08-01,98.278,All Items,0.04058446715019337
2023-09-01,98.776,All Items,0.04134775549792313
2023-10-01,98.974,All Items,0.04762106377348507
2023-11-01,98.808,All Items,0.03576669881336758
2023-12-01,99.177,All Items,0.03751399190300364
2024-01-01,98.752,All Items,0.031115566136240114
2024-02-01,99.755,All Items,0.03579141919674367
2024-03-01,99.712,All Items,0.030167782461360426
2024-04-01,99.426,All Items,0.026396473588041536
2024-05-01,100.209,All Items,0.03115835399923861
2024-06-01,100.104,All Items,0.025183061088637437
2024-07-01,99.818,All Items,0.024646622252789463
2024-08-01,100.414,All Items,0.021734264026536998
2024-09-01,100.645,All Items,0.018921600388758453
2024-10-01,100.119,All Items,0.011568694808737678
2024-11-01,100.387,All Items,0.015980487409926303
2024-12-01,100.661,All Items,0.014963146697318797
2025-01-01,99.908,All Items,0.011706092028515913
2025-02-01,100.677,All Items,0.009242644478973494
2025-03-01,100.599,All Items,0.008895619383825437
2025-04-01,100.283,All Items,0.008619475791040498
2025-05-01,100.978,All Items,0.007673961420630704
2025-06-01,100.9,All Items,0.007951730200591367
2025-07-01,100.447,All Items,0.006301468672984978
2025-08-01,100.963,All Items,0.005467365108450917
